id,matricule,nom,prenom,date_entree,statut
1,MAT0001,Simon,Luc,2018-02-14,actif
2,MAT0002,Thomas,Paul,2015-09-12,actif
3,MAT0003,Thomas,Pierre,2016-07-02,actif
4,MAT0004,Bernard,Paul,2021-06-18,actif
5,MAT0005,Bernard,Jean,2018-05-05,actif
6,MAT0006,Martin,Julie,2016-08-12,actif
7,MAT0007,Leroy,Jean,2024-10-02,actif
8,MAT0008,Dubois,Paul,2015-11-29,actif
9,MAT0009,Thomas,Sophie,2017-04-12,actif
10,MAT0010,Leroy,Marie,2022-09-27,sorti
11,MAT0011,Martin,Claire,2015-03-01,sorti
12,MAT0012,Durand,Claire,2015-02-20,actif
13,MAT0013,Dubois,Julie,2025-12-11,actif
14,MAT0014,Leroy,Marie,2022-04-29,actif
15,MAT0015,Leroy,Pierre,2020-09-18,actif
16,MAT0016,Thomas,Jean,2019-09-09,actif
17,MAT0017,Simon,Julie,2016-03-12,actif
18,MAT0018,Thomas,Pierre,2018-08-22,sorti
19,MAT0019,Dubois,Jean,2020-05-20,sorti
20,MAT0020,Dubois,Julie,2025-07-22,actif
21,MAT0021,Petit,Paul,2018-10-11,actif
22,MAT0022,Moreau,Anne,2018-12-27,actif
23,MAT0023,Simon,Jean,2024-08-15,actif
24,MAT0024,Dubois,Sophie,2019-01-29,actif
25,MAT0025,Robert,Marc,2018-08-15,actif
26,MAT0026,Simon,Julie,2020-11-18,actif
27,MAT0027,Petit,Claire,2024-11-11,suspendu
28,MAT0028,Simon,Paul,2023-05-30,actif
29,MAT0029,Robert,Marc,2021-09-11,actif
30,MAT0030,Simon,Paul,2024-02-10,actif
31,MAT0031,Martin,Marc,2024-11-08,actif
32,MAT0032,Leroy,Pierre,2015-11-09,actif
33,MAT0033,Leroy,Marc,2019-07-11,actif
34,MAT0034,Simon,Claire,2016-01-01,actif
35,MAT0035,Simon,Marie,2015-12-07,sorti
36,MAT0036,Dubois,Anne,2015-08-16,actif
37,MAT0037,Moreau,Luc,2016-10-13,actif
38,MAT0038,Durand,Pierre,2023-07-27,actif
39,MAT0039,Thomas,Marc,2023-08-01,actif
40,MAT0040,Thomas,Marie,2016-12-21,actif
41,MAT0041,Thomas,Pierre,2023-03-06,actif
42,MAT0042,Moreau,Marc,2024-12-04,suspendu
43,MAT0043,Thomas,Marie,2024-09-03,actif
44,MAT0044,Simon,Luc,2020-11-30,actif
45,MAT0045,Bernard,Claire,2019-09-20,sorti
46,MAT0046,Moreau,Jean,2020-07-17,actif
47,MAT0047,Simon,Luc,2015-01-02,actif
48,MAT0048,Simon,Marie,2022-08-08,actif
49,MAT0049,Moreau,Jean,2022-02-21,actif
50,MAT0050,Robert,Anne,2017-05-22,sorti
51,MAT0051,Bernard,Sophie,2017-11-09,actif
52,MAT0052,Robert,Claire,2022-07-07,actif
53,MAT0053,Moreau,Anne,2018-11-07,actif
54,MAT0054,Martin,Claire,2018-09-06,sorti
55,MAT0055,Bernard,Julie,2015-02-26,sorti
56,MAT0056,Moreau,Julie,2015-12-03,suspendu
57,MAT0057,Robert,Marc,2017-12-02,actif
58,MAT0058,Moreau,Marc,2016-07-18,actif
59,MAT0059,Moreau,Claire,2020-10-24,actif
60,MAT0060,Bernard,Jean,2024-11-03,actif
61,MAT0061,Simon,Jean,2015-03-26,actif
62,MAT0062,Petit,Claire,2021-05-16,actif
63,MAT0063,Dubois,Paul,2024-07-16,actif
64,MAT0064,Martin,Marie,2019-04-13,actif
65,MAT0065,Petit,Marie,2025-11-16,actif
66,MAT0066,Durand,Sophie,2020-02-24,actif
67,MAT0067,Petit,Marc,2022-08-28,actif
68,MAT0068,Dubois,Marc,2022-04-05,actif
69,MAT0069,Durand,Julie,2022-02-25,actif
70,MAT0070,Martin,Marc,2022-08-30,actif
71,MAT0071,Robert,Marie,2015-05-05,actif
72,MAT0072,Leroy,Julie,2022-11-16,actif
73,MAT0073,Moreau,Anne,2018-11-23,suspendu
74,MAT0074,Bernard,Sophie,2015-02-07,sorti
75,MAT0075,Thomas,Julie,2015-11-11,sorti
76,MAT0076,Petit,Anne,2016-02-22,actif
77,MAT0077,Bernard,Luc,2016-11-08,actif
78,MAT0078,Thomas,Claire,2016-09-19,actif
79,MAT0079,Bernard,Claire,2020-09-07,sorti
80,MAT0080,Thomas,Pierre,2021-03-23,actif
81,MAT0081,Dubois,Julie,2017-03-23,actif
82,MAT0082,Simon,Anne,2021-10-27,actif
83,MAT0083,Leroy,Anne,2024-09-12,actif
84,MAT0084,Thomas,Anne,2016-10-02,suspendu
85,MAT0085,Petit,Anne,2018-05-27,sorti
86,MAT0086,Martin,Sophie,2023-10-10,actif
87,MAT0087,Thomas,Sophie,2024-11-12,sorti
88,MAT0088,Durand,Pierre,2025-10-04,sorti
89,MAT0089,Thomas,Sophie,2024-02-28,actif
90,MAT0090,Martin,Claire,2025-12-08,actif
91,MAT0091,Durand,Claire,2018-11-01,actif
92,MAT0092,Dubois,Luc,2025-12-12,actif
93,MAT0093,Martin,Anne,2025-04-07,actif
94,MAT0094,Petit,Pierre,2018-05-15,actif
95,MAT0095,Simon,Sophie,2021-02-01,sorti
96,MAT0096,Bernard,Luc,2015-02-27,actif
97,MAT0097,Simon,Julie,2024-01-14,sorti
98,MAT0098,Petit,Marie,2017-08-25,actif
99,MAT0099,Robert,Sophie,2021-05-13,actif
100,MAT0100,Bernard,Julie,2023-06-26,actif
