id,flux_nom,etape,nb_lignes,date_traitement,statut
1,RH_TO_SEMAFORE,source,100,2026-08-07 08:53:44.886791,OK
2,RH_TO_SEMAFORE,integre,100,2026-08-07 08:58:44.886791,OK
3,RH_TO_SEMAFORE,diffuse,98,2026-08-07 09:03:44.886791,PARTIEL
4,AD_TO_SEMAFORE,source,95,2026-08-07 08:53:44.886791,OK
5,AD_TO_SEMAFORE,integre,95,2026-08-07 08:58:44.886791,OK
6,AD_TO_SEMAFORE,diffuse,95,2026-08-07 09:03:44.886791,OK
7,PAIE_TO_SEMAFORE,source,100,2026-08-07 08:53:44.886791,OK
8,PAIE_TO_SEMAFORE,integre,97,2026-08-07 08:58:44.886791,PARTIEL
9,PAIE_TO_SEMAFORE,diffuse,97,2026-08-07 09:03:44.886791,OK
