id,matricule,identifiant_si,source_systeme,date_creation
1,MAT0001,SI_MAT0001,RH_SOURCE,2018-02-17 00:00:00.000000
2,MAT0002,SI_MAT0002,RH_SOURCE,2015-09-20 00:00:00.000000
3,MAT0003,SI_MAT0003,AD,2016-07-07 00:00:00.000000
4,MAT0004,SI_MAT0004,AD,2021-06-24 00:00:00.000000
5,MAT0005,SI_MAT0005,RH_SOURCE,2018-05-13 00:00:00.000000
6,MAT0006,SI_MAT0006,AD,2016-08-17 00:00:00.000000
7,MAT0007,SI_MAT0007,AD,2024-10-12 00:00:00.000000
8,MAT0008,SI_MAT0008,RH_SOURCE,2015-12-07 00:00:00.000000
9,MAT0009,SI_MAT0009,RH_SOURCE,2017-04-17 00:00:00.000000
10,MAT0010,SI_MAT0010,RH_SOURCE,2022-09-28 00:00:00.000000
11,MAT0011,SI_MAT0011,RH_SOURCE,2015-03-04 00:00:00.000000
12,MAT0012,SI_MAT0012,AD,2015-02-26 00:00:00.000000
13,MAT0013,SI_MAT0013,RH_SOURCE,2025-12-15 00:00:00.000000
14,MAT0014,SI_MAT0014,AD,2022-05-01 00:00:00.000000
15,MAT0015,SI_MAT0015,RH_SOURCE,2020-09-24 00:00:00.000000
16,MAT0016,SI_MAT0016,RH_SOURCE,2019-09-15 00:00:00.000000
17,MAT0017,SI_MAT0017,RH_SOURCE,2016-03-14 00:00:00.000000
18,MAT0018,SI_MAT0018,RH_SOURCE,2018-08-27 00:00:00.000000
19,MAT0019,SI_MAT0019,RH_SOURCE,2020-05-27 00:00:00.000000
20,MAT0020,SI_MAT0020,RH_SOURCE,2025-07-29 00:00:00.000000
21,MAT0021,SI_MAT0021,RH_SOURCE,2018-10-16 00:00:00.000000
22,MAT0022,SI_MAT0022,RH_SOURCE,2019-01-05 00:00:00.000000
23,MAT0023,SI_MAT0023,AD,2024-08-22 00:00:00.000000
24,MAT0024,SI_MAT0024,RH_SOURCE,2019-02-07 00:00:00.000000
25,MAT0025,SI_MAT0025,RH_SOURCE,2018-08-16 00:00:00.000000
26,MAT0026,SI_MAT0026,RH_SOURCE,2020-11-19 00:00:00.000000
27,MAT0027,SI_MAT0027,RH_SOURCE,2024-11-18 00:00:00.000000
28,MAT0028,SI_MAT0028,RH_SOURCE,2023-06-05 00:00:00.000000
29,MAT0029,SI_MAT0029,RH_SOURCE,2021-09-15 00:00:00.000000
30,MAT0030,SI_MAT0030,RH_SOURCE,2024-02-12 00:00:00.000000
31,MAT0031,SI_MAT0031,AD,2024-11-12 00:00:00.000000
32,MAT0032,SI_MAT0032,RH_SOURCE,2015-11-11 00:00:00.000000
33,MAT0033,SI_MAT0033,RH_SOURCE,2019-07-20 00:00:00.000000
34,MAT0034,SI_MAT0034,AD,2016-01-09 00:00:00.000000
35,MAT0035,SI_MAT0035,AD,2015-12-12 00:00:00.000000
36,MAT0036,SI_MAT0036,AD,2015-08-22 00:00:00.000000
37,MAT0037,SI_MAT0037,AD,2016-10-18 00:00:00.000000
38,MAT0038,SI_MAT0038,AD,2023-07-29 00:00:00.000000
39,MAT0039,SI_MAT0039,AD,2023-08-08 00:00:00.000000
40,MAT0040,SI_MAT0040,AD,2016-12-24 00:00:00.000000
41,MAT0041,SI_MAT0041,RH_SOURCE,2023-03-08 00:00:00.000000
42,MAT0042,SI_MAT0042,RH_SOURCE,2024-12-13 00:00:00.000000
43,MAT0043,SI_MAT0043,RH_SOURCE,2024-09-11 00:00:00.000000
44,MAT0044,SI_MAT0044,RH_SOURCE,2020-12-06 00:00:00.000000
45,MAT0045,SI_MAT0045,RH_SOURCE,2019-09-26 00:00:00.000000
46,MAT0046,SI_MAT0046,AD,2020-07-26 00:00:00.000000
47,MAT0047,SI_MAT0047,RH_SOURCE,2015-01-11 00:00:00.000000
48,MAT0048,SI_MAT0048,AD,2022-08-18 00:00:00.000000
49,MAT0049,SI_MAT0049,AD,2022-03-02 00:00:00.000000
50,MAT0050,SI_MAT0050,RH_SOURCE,2017-05-28 00:00:00.000000
51,MAT0051,SI_MAT0051,RH_SOURCE,2017-11-17 00:00:00.000000
52,MAT0052,SI_MAT0052,RH_SOURCE,2022-07-13 00:00:00.000000
53,MAT0053,SI_MAT0053,RH_SOURCE,2018-11-11 00:00:00.000000
54,MAT0054,SI_MAT0054,RH_SOURCE,2018-09-07 00:00:00.000000
55,MAT0055,SI_MAT0055,RH_SOURCE,2015-03-04 00:00:00.000000
56,MAT0056,SI_MAT0056,AD,2015-12-07 00:00:00.000000
57,MAT0057,SI_MAT0057,AD,2017-12-03 00:00:00.000000
58,MAT0058,SI_MAT0058,AD,2016-07-27 00:00:00.000000
59,MAT0059,SI_MAT0059,AD,2020-11-01 00:00:00.000000
60,MAT0060,SI_MAT0060,RH_SOURCE,2024-11-05 00:00:00.000000
61,MAT0061,SI_MAT0061,RH_SOURCE,2015-04-03 00:00:00.000000
62,MAT0062,SI_MAT0062,RH_SOURCE,2021-05-24 00:00:00.000000
63,MAT0063,SI_MAT0063,AD,2024-07-19 00:00:00.000000
64,MAT0064,SI_MAT0064,RH_SOURCE,2019-04-22 00:00:00.000000
65,MAT0065,SI_MAT0065,RH_SOURCE,2025-11-23 00:00:00.000000
66,MAT0066,SI_MAT0066,AD,2020-03-05 00:00:00.000000
67,MAT0067,SI_MAT0067,AD,2022-09-01 00:00:00.000000
68,MAT0068,SI_MAT0068,RH_SOURCE,2022-04-14 00:00:00.000000
69,MAT0069,SI_MAT0069,AD,2022-02-27 00:00:00.000000
70,MAT0070,SI_MAT0070,AD,2022-09-04 00:00:00.000000
71,MAT0071,SI_MAT0071,AD,2015-05-12 00:00:00.000000
72,MAT0072,SI_MAT0072,AD,2022-11-18 00:00:00.000000
73,MAT0073,SI_MAT0073,RH_SOURCE,2018-12-01 00:00:00.000000
74,MAT0074,SI_MAT0074,AD,2015-02-14 00:00:00.000000
75,MAT0075,SI_MAT0075,AD,2015-11-15 00:00:00.000000
76,MAT0076,SI_MAT0076,AD,2016-02-23 00:00:00.000000
77,MAT0077,SI_MAT0077,RH_SOURCE,2016-11-15 00:00:00.000000
78,MAT0078,SI_MAT0078,AD,2016-09-21 00:00:00.000000
79,MAT0079,SI_MAT0079,RH_SOURCE,2020-09-12 00:00:00.000000
80,MAT0080,SI_MAT0080,RH_SOURCE,2021-03-29 00:00:00.000000
81,MAT0081,SI_MAT0081,AD,2017-03-25 00:00:00.000000
82,MAT0082,SI_MAT0082,AD,2021-11-06 00:00:00.000000
83,MAT0083,SI_MAT0083,AD,2024-09-19 00:00:00.000000
84,MAT0084,SI_MAT0084,AD,2016-10-06 00:00:00.000000
85,MAT0085,SI_MAT0085,RH_SOURCE,2018-06-02 00:00:00.000000
86,MAT0086,SI_MAT0086,RH_SOURCE,2023-10-11 00:00:00.000000
87,MAT0087,SI_MAT0087,RH_SOURCE,2024-11-15 00:00:00.000000
88,MAT0088,SI_MAT0088,RH_SOURCE,2025-10-12 00:00:00.000000
89,MAT0089,SI_MAT0089,RH_SOURCE,2024-03-06 00:00:00.000000
90,MAT0090,SI_MAT0090,AD,2025-12-16 00:00:00.000000
91,MAT0091,SI_MAT0091,RH_SOURCE,2018-11-09 00:00:00.000000
92,MAT0092,SI_MAT0092,AD,2025-12-13 00:00:00.000000
93,MAT0093,SI_MAT0093,AD,2025-04-13 00:00:00.000000
94,MAT0094,SI_MAT0094,AD,2018-05-19 00:00:00.000000
95,MAT0095,SI_MAT0095,RH_SOURCE,2021-02-07 00:00:00.000000
